date_key,date,day_name,week_start_date,week_end_date,iso_year,iso_week,year_week,month_num,month_name,quarter,is_weekend
20260302,2026-03-02,Monday,2026-03-02,2026-03-08,2026,10,2026-W10,3,March,Q1,False
20260303,2026-03-03,Tuesday,2026-03-02,2026-03-08,2026,10,2026-W10,3,March,Q1,False
20260304,2026-03-04,Wednesday,2026-03-02,2026-03-08,2026,10,2026-W10,3,March,Q1,False
20260305,2026-03-05,Thursday,2026-03-02,2026-03-08,2026,10,2026-W10,3,March,Q1,False
20260306,2026-03-06,Friday,2026-03-02,2026-03-08,2026,10,2026-W10,3,March,Q1,False
20260307,2026-03-07,Saturday,2026-03-02,2026-03-08,2026,10,2026-W10,3,March,Q1,True
20260308,2026-03-08,Sunday,2026-03-02,2026-03-08,2026,10,2026-W10,3,March,Q1,True
20260309,2026-03-09,Monday,2026-03-09,2026-03-15,2026,11,2026-W11,3,March,Q1,False
20260310,2026-03-10,Tuesday,2026-03-09,2026-03-15,2026,11,2026-W11,3,March,Q1,False
20260311,2026-03-11,Wednesday,2026-03-09,2026-03-15,2026,11,2026-W11,3,March,Q1,False
20260312,2026-03-12,Thursday,2026-03-09,2026-03-15,2026,11,2026-W11,3,March,Q1,False
20260313,2026-03-13,Friday,2026-03-09,2026-03-15,2026,11,2026-W11,3,March,Q1,False
20260314,2026-03-14,Saturday,2026-03-09,2026-03-15,2026,11,2026-W11,3,March,Q1,True
20260315,2026-03-15,Sunday,2026-03-09,2026-03-15,2026,11,2026-W11,3,March,Q1,True
20260316,2026-03-16,Monday,2026-03-16,2026-03-22,2026,12,2026-W12,3,March,Q1,False
20260317,2026-03-17,Tuesday,2026-03-16,2026-03-22,2026,12,2026-W12,3,March,Q1,False
20260318,2026-03-18,Wednesday,2026-03-16,2026-03-22,2026,12,2026-W12,3,March,Q1,False
20260319,2026-03-19,Thursday,2026-03-16,2026-03-22,2026,12,2026-W12,3,March,Q1,False
20260320,2026-03-20,Friday,2026-03-16,2026-03-22,2026,12,2026-W12,3,March,Q1,False
20260321,2026-03-21,Saturday,2026-03-16,2026-03-22,2026,12,2026-W12,3,March,Q1,True
20260322,2026-03-22,Sunday,2026-03-16,2026-03-22,2026,12,2026-W12,3,March,Q1,True
20260323,2026-03-23,Monday,2026-03-23,2026-03-29,2026,13,2026-W13,3,March,Q1,False
20260324,2026-03-24,Tuesday,2026-03-23,2026-03-29,2026,13,2026-W13,3,March,Q1,False
20260325,2026-03-25,Wednesday,2026-03-23,2026-03-29,2026,13,2026-W13,3,March,Q1,False
20260326,2026-03-26,Thursday,2026-03-23,2026-03-29,2026,13,2026-W13,3,March,Q1,False
20260327,2026-03-27,Friday,2026-03-23,2026-03-29,2026,13,2026-W13,3,March,Q1,False
20260328,2026-03-28,Saturday,2026-03-23,2026-03-29,2026,13,2026-W13,3,March,Q1,True
20260329,2026-03-29,Sunday,2026-03-23,2026-03-29,2026,13,2026-W13,3,March,Q1,True
20260330,2026-03-30,Monday,2026-03-30,2026-04-05,2026,14,2026-W14,3,March,Q1,False
20260331,2026-03-31,Tuesday,2026-03-30,2026-04-05,2026,14,2026-W14,3,March,Q1,False
20260401,2026-04-01,Wednesday,2026-03-30,2026-04-05,2026,14,2026-W14,4,April,Q2,False
20260402,2026-04-02,Thursday,2026-03-30,2026-04-05,2026,14,2026-W14,4,April,Q2,False
20260403,2026-04-03,Friday,2026-03-30,2026-04-05,2026,14,2026-W14,4,April,Q2,False
20260404,2026-04-04,Saturday,2026-03-30,2026-04-05,2026,14,2026-W14,4,April,Q2,True
20260405,2026-04-05,Sunday,2026-03-30,2026-04-05,2026,14,2026-W14,4,April,Q2,True
20260406,2026-04-06,Monday,2026-04-06,2026-04-12,2026,15,2026-W15,4,April,Q2,False
20260407,2026-04-07,Tuesday,2026-04-06,2026-04-12,2026,15,2026-W15,4,April,Q2,False
20260408,2026-04-08,Wednesday,2026-04-06,2026-04-12,2026,15,2026-W15,4,April,Q2,False
20260409,2026-04-09,Thursday,2026-04-06,2026-04-12,2026,15,2026-W15,4,April,Q2,False
20260410,2026-04-10,Friday,2026-04-06,2026-04-12,2026,15,2026-W15,4,April,Q2,False
20260411,2026-04-11,Saturday,2026-04-06,2026-04-12,2026,15,2026-W15,4,April,Q2,True
20260412,2026-04-12,Sunday,2026-04-06,2026-04-12,2026,15,2026-W15,4,April,Q2,True
20260413,2026-04-13,Monday,2026-04-13,2026-04-19,2026,16,2026-W16,4,April,Q2,False
20260414,2026-04-14,Tuesday,2026-04-13,2026-04-19,2026,16,2026-W16,4,April,Q2,False
20260415,2026-04-15,Wednesday,2026-04-13,2026-04-19,2026,16,2026-W16,4,April,Q2,False
20260416,2026-04-16,Thursday,2026-04-13,2026-04-19,2026,16,2026-W16,4,April,Q2,False
20260417,2026-04-17,Friday,2026-04-13,2026-04-19,2026,16,2026-W16,4,April,Q2,False
20260418,2026-04-18,Saturday,2026-04-13,2026-04-19,2026,16,2026-W16,4,April,Q2,True
20260419,2026-04-19,Sunday,2026-04-13,2026-04-19,2026,16,2026-W16,4,April,Q2,True
20260420,2026-04-20,Monday,2026-04-20,2026-04-26,2026,17,2026-W17,4,April,Q2,False
20260421,2026-04-21,Tuesday,2026-04-20,2026-04-26,2026,17,2026-W17,4,April,Q2,False
20260422,2026-04-22,Wednesday,2026-04-20,2026-04-26,2026,17,2026-W17,4,April,Q2,False
20260423,2026-04-23,Thursday,2026-04-20,2026-04-26,2026,17,2026-W17,4,April,Q2,False
20260424,2026-04-24,Friday,2026-04-20,2026-04-26,2026,17,2026-W17,4,April,Q2,False
20260425,2026-04-25,Saturday,2026-04-20,2026-04-26,2026,17,2026-W17,4,April,Q2,True
20260426,2026-04-26,Sunday,2026-04-20,2026-04-26,2026,17,2026-W17,4,April,Q2,True
20260427,2026-04-27,Monday,2026-04-27,2026-05-03,2026,18,2026-W18,4,April,Q2,False
20260428,2026-04-28,Tuesday,2026-04-27,2026-05-03,2026,18,2026-W18,4,April,Q2,False
20260429,2026-04-29,Wednesday,2026-04-27,2026-05-03,2026,18,2026-W18,4,April,Q2,False
20260430,2026-04-30,Thursday,2026-04-27,2026-05-03,2026,18,2026-W18,4,April,Q2,False
20260501,2026-05-01,Friday,2026-04-27,2026-05-03,2026,18,2026-W18,5,May,Q2,False
20260502,2026-05-02,Saturday,2026-04-27,2026-05-03,2026,18,2026-W18,5,May,Q2,True
20260503,2026-05-03,Sunday,2026-04-27,2026-05-03,2026,18,2026-W18,5,May,Q2,True
20260504,2026-05-04,Monday,2026-05-04,2026-05-10,2026,19,2026-W19,5,May,Q2,False
20260505,2026-05-05,Tuesday,2026-05-04,2026-05-10,2026,19,2026-W19,5,May,Q2,False
20260506,2026-05-06,Wednesday,2026-05-04,2026-05-10,2026,19,2026-W19,5,May,Q2,False
20260507,2026-05-07,Thursday,2026-05-04,2026-05-10,2026,19,2026-W19,5,May,Q2,False
20260508,2026-05-08,Friday,2026-05-04,2026-05-10,2026,19,2026-W19,5,May,Q2,False
20260509,2026-05-09,Saturday,2026-05-04,2026-05-10,2026,19,2026-W19,5,May,Q2,True
20260510,2026-05-10,Sunday,2026-05-04,2026-05-10,2026,19,2026-W19,5,May,Q2,True
20260511,2026-05-11,Monday,2026-05-11,2026-05-17,2026,20,2026-W20,5,May,Q2,False
20260512,2026-05-12,Tuesday,2026-05-11,2026-05-17,2026,20,2026-W20,5,May,Q2,False
20260513,2026-05-13,Wednesday,2026-05-11,2026-05-17,2026,20,2026-W20,5,May,Q2,False
20260514,2026-05-14,Thursday,2026-05-11,2026-05-17,2026,20,2026-W20,5,May,Q2,False
20260515,2026-05-15,Friday,2026-05-11,2026-05-17,2026,20,2026-W20,5,May,Q2,False
20260516,2026-05-16,Saturday,2026-05-11,2026-05-17,2026,20,2026-W20,5,May,Q2,True
20260517,2026-05-17,Sunday,2026-05-11,2026-05-17,2026,20,2026-W20,5,May,Q2,True
20260518,2026-05-18,Monday,2026-05-18,2026-05-24,2026,21,2026-W21,5,May,Q2,False
20260519,2026-05-19,Tuesday,2026-05-18,2026-05-24,2026,21,2026-W21,5,May,Q2,False
20260520,2026-05-20,Wednesday,2026-05-18,2026-05-24,2026,21,2026-W21,5,May,Q2,False
20260521,2026-05-21,Thursday,2026-05-18,2026-05-24,2026,21,2026-W21,5,May,Q2,False
20260522,2026-05-22,Friday,2026-05-18,2026-05-24,2026,21,2026-W21,5,May,Q2,False
20260523,2026-05-23,Saturday,2026-05-18,2026-05-24,2026,21,2026-W21,5,May,Q2,True
20260524,2026-05-24,Sunday,2026-05-18,2026-05-24,2026,21,2026-W21,5,May,Q2,True
20260525,2026-05-25,Monday,2026-05-25,2026-05-31,2026,22,2026-W22,5,May,Q2,False
20260526,2026-05-26,Tuesday,2026-05-25,2026-05-31,2026,22,2026-W22,5,May,Q2,False
20260527,2026-05-27,Wednesday,2026-05-25,2026-05-31,2026,22,2026-W22,5,May,Q2,False
20260528,2026-05-28,Thursday,2026-05-25,2026-05-31,2026,22,2026-W22,5,May,Q2,False
20260529,2026-05-29,Friday,2026-05-25,2026-05-31,2026,22,2026-W22,5,May,Q2,False
20260530,2026-05-30,Saturday,2026-05-25,2026-05-31,2026,22,2026-W22,5,May,Q2,True
20260531,2026-05-31,Sunday,2026-05-25,2026-05-31,2026,22,2026-W22,5,May,Q2,True
